name,drug_class
Amoxicillin,Beta-lactam Antibiotics
Penicillin G,Beta-lactam Antibiotics
Penicillin V,Beta-lactam Antibiotics
Ampicillin,Beta-lactam Antibiotics
Nafcillin,Beta-lactam Antibiotics
Oxacillin,Beta-lactam Antibiotics
Dicloxacillin,Beta-lactam Antibiotics
Cloxacillin,Beta-lactam Antibiotics
Piperacillin,Beta-lactam Antibiotics
Ticarcillin,Beta-lactam Antibiotics
Cephalexin,Beta-lactam Antibiotics
Cefaclor,Beta-lactam Antibiotics
Cefuroxime,Beta-lactam Antibiotics
Cefprozil,Beta-lactam Antibiotics
Cefdinir,Beta-lactam Antibiotics
Cefpodoxime,Beta-lactam Antibiotics
Ceftriaxone,Beta-lactam Antibiotics
Cefotaxime,Beta-lactam Antibiotics
Ceftazidime,Beta-lactam Antibiotics
Cefepime,Beta-lactam Antibiotics
Cefazolin,Beta-lactam Antibiotics
Cefoxitin,Beta-lactam Antibiotics
Cefotetan,Beta-lactam Antibiotics
Meropenem,Beta-lactam Antibiotics
Imipenem,Beta-lactam Antibiotics
Ertapenem,Beta-lactam Antibiotics
Doripenem,Beta-lactam Antibiotics
Aztreonam,Beta-lactam Antibiotics
Amoxicillin-Clavulanate,Beta-lactam Antibiotics
Piperacillin-Tazobactam,Beta-lactam Antibiotics
Betalactam_031,Beta-lactam Antibiotics
Betalactam_032,Beta-lactam Antibiotics
Betalactam_033,Beta-lactam Antibiotics
Betalactam_034,Beta-lactam Antibiotics
Betalactam_035,Beta-lactam Antibiotics
Betalactam_036,Beta-lactam Antibiotics
Betalactam_037,Beta-lactam Antibiotics
Betalactam_038,Beta-lactam Antibiotics
Betalactam_039,Beta-lactam Antibiotics
Betalactam_040,Beta-lactam Antibiotics
Betalactam_041,Beta-lactam Antibiotics
Betalactam_042,Beta-lactam Antibiotics
Betalactam_043,Beta-lactam Antibiotics
Betalactam_044,Beta-lactam Antibiotics
Betalactam_045,Beta-lactam Antibiotics
Betalactam_046,Beta-lactam Antibiotics
Betalactam_047,Beta-lactam Antibiotics
Betalactam_048,Beta-lactam Antibiotics
Betalactam_049,Beta-lactam Antibiotics
Betalactam_050,Beta-lactam Antibiotics
Betalactam_051,Beta-lactam Antibiotics
Betalactam_052,Beta-lactam Antibiotics
Betalactam_053,Beta-lactam Antibiotics
Betalactam_054,Beta-lactam Antibiotics
Betalactam_055,Beta-lactam Antibiotics
Betalactam_056,Beta-lactam Antibiotics
Betalactam_057,Beta-lactam Antibiotics
Betalactam_058,Beta-lactam Antibiotics
Betalactam_059,Beta-lactam Antibiotics
Betalactam_060,Beta-lactam Antibiotics
Betalactam_061,Beta-lactam Antibiotics
Betalactam_062,Beta-lactam Antibiotics
Betalactam_063,Beta-lactam Antibiotics
Betalactam_064,Beta-lactam Antibiotics
Betalactam_065,Beta-lactam Antibiotics
Betalactam_066,Beta-lactam Antibiotics
Betalactam_067,Beta-lactam Antibiotics
Betalactam_068,Beta-lactam Antibiotics
Betalactam_069,Beta-lactam Antibiotics
Betalactam_070,Beta-lactam Antibiotics
Betalactam_071,Beta-lactam Antibiotics
Betalactam_072,Beta-lactam Antibiotics
Betalactam_073,Beta-lactam Antibiotics
Betalactam_074,Beta-lactam Antibiotics
Betalactam_075,Beta-lactam Antibiotics
Betalactam_076,Beta-lactam Antibiotics
Betalactam_077,Beta-lactam Antibiotics
Betalactam_078,Beta-lactam Antibiotics
Betalactam_079,Beta-lactam Antibiotics
Betalactam_080,Beta-lactam Antibiotics
Betalactam_081,Beta-lactam Antibiotics
Betalactam_082,Beta-lactam Antibiotics
Betalactam_083,Beta-lactam Antibiotics
Betalactam_084,Beta-lactam Antibiotics
Betalactam_085,Beta-lactam Antibiotics
Betalactam_086,Beta-lactam Antibiotics
Betalactam_087,Beta-lactam Antibiotics
Betalactam_088,Beta-lactam Antibiotics
Betalactam_089,Beta-lactam Antibiotics
Betalactam_090,Beta-lactam Antibiotics
Betalactam_091,Beta-lactam Antibiotics
Betalactam_092,Beta-lactam Antibiotics
Betalactam_093,Beta-lactam Antibiotics
Betalactam_094,Beta-lactam Antibiotics
Betalactam_095,Beta-lactam Antibiotics
Betalactam_096,Beta-lactam Antibiotics
Betalactam_097,Beta-lactam Antibiotics
Betalactam_098,Beta-lactam Antibiotics
Betalactam_099,Beta-lactam Antibiotics
Betalactam_100,Beta-lactam Antibiotics
Azithromycin,Macrolide Antibiotics
Clarithromycin,Macrolide Antibiotics
Erythromycin,Macrolide Antibiotics
Telithromycin,Macrolide Antibiotics
Fidaxomicin,Macrolide Antibiotics
Roxithromycin,Macrolide Antibiotics
Spiramycin,Macrolide Antibiotics
Josamycin,Macrolide Antibiotics
Dirithromycin,Macrolide Antibiotics
Troleandomycin,Macrolide Antibiotics
Macrolide_011,Macrolide Antibiotics
Macrolide_012,Macrolide Antibiotics
Macrolide_013,Macrolide Antibiotics
Macrolide_014,Macrolide Antibiotics
Macrolide_015,Macrolide Antibiotics
Macrolide_016,Macrolide Antibiotics
Macrolide_017,Macrolide Antibiotics
Macrolide_018,Macrolide Antibiotics
Macrolide_019,Macrolide Antibiotics
Macrolide_020,Macrolide Antibiotics
Macrolide_021,Macrolide Antibiotics
Macrolide_022,Macrolide Antibiotics
Macrolide_023,Macrolide Antibiotics
Macrolide_024,Macrolide Antibiotics
Macrolide_025,Macrolide Antibiotics
Macrolide_026,Macrolide Antibiotics
Macrolide_027,Macrolide Antibiotics
Macrolide_028,Macrolide Antibiotics
Macrolide_029,Macrolide Antibiotics
Macrolide_030,Macrolide Antibiotics
Macrolide_031,Macrolide Antibiotics
Macrolide_032,Macrolide Antibiotics
Macrolide_033,Macrolide Antibiotics
Macrolide_034,Macrolide Antibiotics
Macrolide_035,Macrolide Antibiotics
Macrolide_036,Macrolide Antibiotics
Macrolide_037,Macrolide Antibiotics
Macrolide_038,Macrolide Antibiotics
Macrolide_039,Macrolide Antibiotics
Macrolide_040,Macrolide Antibiotics
Macrolide_041,Macrolide Antibiotics
Macrolide_042,Macrolide Antibiotics
Macrolide_043,Macrolide Antibiotics
Macrolide_044,Macrolide Antibiotics
Macrolide_045,Macrolide Antibiotics
Macrolide_046,Macrolide Antibiotics
Macrolide_047,Macrolide Antibiotics
Macrolide_048,Macrolide Antibiotics
Macrolide_049,Macrolide Antibiotics
Macrolide_050,Macrolide Antibiotics
Macrolide_051,Macrolide Antibiotics
Macrolide_052,Macrolide Antibiotics
Macrolide_053,Macrolide Antibiotics
Macrolide_054,Macrolide Antibiotics
Macrolide_055,Macrolide Antibiotics
Macrolide_056,Macrolide Antibiotics
Macrolide_057,Macrolide Antibiotics
Macrolide_058,Macrolide Antibiotics
Macrolide_059,Macrolide Antibiotics
Macrolide_060,Macrolide Antibiotics
Macrolide_061,Macrolide Antibiotics
Macrolide_062,Macrolide Antibiotics
Macrolide_063,Macrolide Antibiotics
Macrolide_064,Macrolide Antibiotics
Macrolide_065,Macrolide Antibiotics
Macrolide_066,Macrolide Antibiotics
Macrolide_067,Macrolide Antibiotics
Macrolide_068,Macrolide Antibiotics
Macrolide_069,Macrolide Antibiotics
Macrolide_070,Macrolide Antibiotics
Macrolide_071,Macrolide Antibiotics
Macrolide_072,Macrolide Antibiotics
Macrolide_073,Macrolide Antibiotics
Macrolide_074,Macrolide Antibiotics
Macrolide_075,Macrolide Antibiotics
Macrolide_076,Macrolide Antibiotics
Macrolide_077,Macrolide Antibiotics
Macrolide_078,Macrolide Antibiotics
Macrolide_079,Macrolide Antibiotics
Macrolide_080,Macrolide Antibiotics
Macrolide_081,Macrolide Antibiotics
Macrolide_082,Macrolide Antibiotics
Macrolide_083,Macrolide Antibiotics
Macrolide_084,Macrolide Antibiotics
Macrolide_085,Macrolide Antibiotics
Macrolide_086,Macrolide Antibiotics
Macrolide_087,Macrolide Antibiotics
Macrolide_088,Macrolide Antibiotics
Macrolide_089,Macrolide Antibiotics
Macrolide_090,Macrolide Antibiotics
Macrolide_091,Macrolide Antibiotics
Macrolide_092,Macrolide Antibiotics
Macrolide_093,Macrolide Antibiotics
Macrolide_094,Macrolide Antibiotics
Macrolide_095,Macrolide Antibiotics
Macrolide_096,Macrolide Antibiotics
Macrolide_097,Macrolide Antibiotics
Macrolide_098,Macrolide Antibiotics
Macrolide_099,Macrolide Antibiotics
Macrolide_100,Macrolide Antibiotics
Ciprofloxacin,Fluoroquinolone Antibiotics
Levofloxacin,Fluoroquinolone Antibiotics
Moxifloxacin,Fluoroquinolone Antibiotics
Gemifloxacin,Fluoroquinolone Antibiotics
Ofloxacin,Fluoroquinolone Antibiotics
Norfloxacin,Fluoroquinolone Antibiotics
Delafloxacin,Fluoroquinolone Antibiotics
Trovafloxacin,Fluoroquinolone Antibiotics
Grepafloxacin,Fluoroquinolone Antibiotics
Sparfloxacin,Fluoroquinolone Antibiotics
Enrofloxacin,Fluoroquinolone Antibiotics
Besifloxacin,Fluoroquinolone Antibiotics
Fluoroquinolone_013,Fluoroquinolone Antibiotics
Fluoroquinolone_014,Fluoroquinolone Antibiotics
Fluoroquinolone_015,Fluoroquinolone Antibiotics
Fluoroquinolone_016,Fluoroquinolone Antibiotics
Fluoroquinolone_017,Fluoroquinolone Antibiotics
Fluoroquinolone_018,Fluoroquinolone Antibiotics
Fluoroquinolone_019,Fluoroquinolone Antibiotics
Fluoroquinolone_020,Fluoroquinolone Antibiotics
Fluoroquinolone_021,Fluoroquinolone Antibiotics
Fluoroquinolone_022,Fluoroquinolone Antibiotics
Fluoroquinolone_023,Fluoroquinolone Antibiotics
Fluoroquinolone_024,Fluoroquinolone Antibiotics
Fluoroquinolone_025,Fluoroquinolone Antibiotics
Fluoroquinolone_026,Fluoroquinolone Antibiotics
Fluoroquinolone_027,Fluoroquinolone Antibiotics
Fluoroquinolone_028,Fluoroquinolone Antibiotics
Fluoroquinolone_029,Fluoroquinolone Antibiotics
Fluoroquinolone_030,Fluoroquinolone Antibiotics
Fluoroquinolone_031,Fluoroquinolone Antibiotics
Fluoroquinolone_032,Fluoroquinolone Antibiotics
Fluoroquinolone_033,Fluoroquinolone Antibiotics
Fluoroquinolone_034,Fluoroquinolone Antibiotics
Fluoroquinolone_035,Fluoroquinolone Antibiotics
Fluoroquinolone_036,Fluoroquinolone Antibiotics
Fluoroquinolone_037,Fluoroquinolone Antibiotics
Fluoroquinolone_038,Fluoroquinolone Antibiotics
Fluoroquinolone_039,Fluoroquinolone Antibiotics
Fluoroquinolone_040,Fluoroquinolone Antibiotics
Fluoroquinolone_041,Fluoroquinolone Antibiotics
Fluoroquinolone_042,Fluoroquinolone Antibiotics
Fluoroquinolone_043,Fluoroquinolone Antibiotics
Fluoroquinolone_044,Fluoroquinolone Antibiotics
Fluoroquinolone_045,Fluoroquinolone Antibiotics
Fluoroquinolone_046,Fluoroquinolone Antibiotics
Fluoroquinolone_047,Fluoroquinolone Antibiotics
Fluoroquinolone_048,Fluoroquinolone Antibiotics
Fluoroquinolone_049,Fluoroquinolone Antibiotics
Fluoroquinolone_050,Fluoroquinolone Antibiotics
Fluoroquinolone_051,Fluoroquinolone Antibiotics
Fluoroquinolone_052,Fluoroquinolone Antibiotics
Fluoroquinolone_053,Fluoroquinolone Antibiotics
Fluoroquinolone_054,Fluoroquinolone Antibiotics
Fluoroquinolone_055,Fluoroquinolone Antibiotics
Fluoroquinolone_056,Fluoroquinolone Antibiotics
Fluoroquinolone_057,Fluoroquinolone Antibiotics
Fluoroquinolone_058,Fluoroquinolone Antibiotics
Fluoroquinolone_059,Fluoroquinolone Antibiotics
Fluoroquinolone_060,Fluoroquinolone Antibiotics
Fluoroquinolone_061,Fluoroquinolone Antibiotics
Fluoroquinolone_062,Fluoroquinolone Antibiotics
Fluoroquinolone_063,Fluoroquinolone Antibiotics
Fluoroquinolone_064,Fluoroquinolone Antibiotics
Fluoroquinolone_065,Fluoroquinolone Antibiotics
Fluoroquinolone_066,Fluoroquinolone Antibiotics
Fluoroquinolone_067,Fluoroquinolone Antibiotics
Fluoroquinolone_068,Fluoroquinolone Antibiotics
Fluoroquinolone_069,Fluoroquinolone Antibiotics
Fluoroquinolone_070,Fluoroquinolone Antibiotics
Fluoroquinolone_071,Fluoroquinolone Antibiotics
Fluoroquinolone_072,Fluoroquinolone Antibiotics
Fluoroquinolone_073,Fluoroquinolone Antibiotics
Fluoroquinolone_074,Fluoroquinolone Antibiotics
Fluoroquinolone_075,Fluoroquinolone Antibiotics
Fluoroquinolone_076,Fluoroquinolone Antibiotics
Fluoroquinolone_077,Fluoroquinolone Antibiotics
Fluoroquinolone_078,Fluoroquinolone Antibiotics
Fluoroquinolone_079,Fluoroquinolone Antibiotics
Fluoroquinolone_080,Fluoroquinolone Antibiotics
Fluoroquinolone_081,Fluoroquinolone Antibiotics
Fluoroquinolone_082,Fluoroquinolone Antibiotics
Fluoroquinolone_083,Fluoroquinolone Antibiotics
Fluoroquinolone_084,Fluoroquinolone Antibiotics
Fluoroquinolone_085,Fluoroquinolone Antibiotics
Fluoroquinolone_086,Fluoroquinolone Antibiotics
Fluoroquinolone_087,Fluoroquinolone Antibiotics
Fluoroquinolone_088,Fluoroquinolone Antibiotics
Fluoroquinolone_089,Fluoroquinolone Antibiotics
Fluoroquinolone_090,Fluoroquinolone Antibiotics
Fluoroquinolone_091,Fluoroquinolone Antibiotics
Fluoroquinolone_092,Fluoroquinolone Antibiotics
Fluoroquinolone_093,Fluoroquinolone Antibiotics
Fluoroquinolone_094,Fluoroquinolone Antibiotics
Fluoroquinolone_095,Fluoroquinolone Antibiotics
Fluoroquinolone_096,Fluoroquinolone Antibiotics
Fluoroquinolone_097,Fluoroquinolone Antibiotics
Fluoroquinolone_098,Fluoroquinolone Antibiotics
Fluoroquinolone_099,Fluoroquinolone Antibiotics
Fluoroquinolone_100,Fluoroquinolone Antibiotics
Doxycycline,Tetracycline Antibiotics
Tetracycline,Tetracycline Antibiotics
Minocycline,Tetracycline Antibiotics
Tigecycline,Tetracycline Antibiotics
Sarecycline,Tetracycline Antibiotics
Omadacycline,Tetracycline Antibiotics
Chlortetracycline,Tetracycline Antibiotics
Oxytetracycline,Tetracycline Antibiotics
Demeclocycline,Tetracycline Antibiotics
Meclocycline,Tetracycline Antibiotics
Tetracycline_011,Tetracycline Antibiotics
Tetracycline_012,Tetracycline Antibiotics
Tetracycline_013,Tetracycline Antibiotics
Tetracycline_014,Tetracycline Antibiotics
Tetracycline_015,Tetracycline Antibiotics
Tetracycline_016,Tetracycline Antibiotics
Tetracycline_017,Tetracycline Antibiotics
Tetracycline_018,Tetracycline Antibiotics
Tetracycline_019,Tetracycline Antibiotics
Tetracycline_020,Tetracycline Antibiotics
Tetracycline_021,Tetracycline Antibiotics
Tetracycline_022,Tetracycline Antibiotics
Tetracycline_023,Tetracycline Antibiotics
Tetracycline_024,Tetracycline Antibiotics
Tetracycline_025,Tetracycline Antibiotics
Tetracycline_026,Tetracycline Antibiotics
Tetracycline_027,Tetracycline Antibiotics
Tetracycline_028,Tetracycline Antibiotics
Tetracycline_029,Tetracycline Antibiotics
Tetracycline_030,Tetracycline Antibiotics
Tetracycline_031,Tetracycline Antibiotics
Tetracycline_032,Tetracycline Antibiotics
Tetracycline_033,Tetracycline Antibiotics
Tetracycline_034,Tetracycline Antibiotics
Tetracycline_035,Tetracycline Antibiotics
Tetracycline_036,Tetracycline Antibiotics
Tetracycline_037,Tetracycline Antibiotics
Tetracycline_038,Tetracycline Antibiotics
Tetracycline_039,Tetracycline Antibiotics
Tetracycline_040,Tetracycline Antibiotics
Tetracycline_041,Tetracycline Antibiotics
Tetracycline_042,Tetracycline Antibiotics
Tetracycline_043,Tetracycline Antibiotics
Tetracycline_044,Tetracycline Antibiotics
Tetracycline_045,Tetracycline Antibiotics
Tetracycline_046,Tetracycline Antibiotics
Tetracycline_047,Tetracycline Antibiotics
Tetracycline_048,Tetracycline Antibiotics
Tetracycline_049,Tetracycline Antibiotics
Tetracycline_050,Tetracycline Antibiotics
Tetracycline_051,Tetracycline Antibiotics
Tetracycline_052,Tetracycline Antibiotics
Tetracycline_053,Tetracycline Antibiotics
Tetracycline_054,Tetracycline Antibiotics
Tetracycline_055,Tetracycline Antibiotics
Tetracycline_056,Tetracycline Antibiotics
Tetracycline_057,Tetracycline Antibiotics
Tetracycline_058,Tetracycline Antibiotics
Tetracycline_059,Tetracycline Antibiotics
Tetracycline_060,Tetracycline Antibiotics
Tetracycline_061,Tetracycline Antibiotics
Tetracycline_062,Tetracycline Antibiotics
Tetracycline_063,Tetracycline Antibiotics
Tetracycline_064,Tetracycline Antibiotics
Tetracycline_065,Tetracycline Antibiotics
Tetracycline_066,Tetracycline Antibiotics
Tetracycline_067,Tetracycline Antibiotics
Tetracycline_068,Tetracycline Antibiotics
Tetracycline_069,Tetracycline Antibiotics
Tetracycline_070,Tetracycline Antibiotics
Tetracycline_071,Tetracycline Antibiotics
Tetracycline_072,Tetracycline Antibiotics
Tetracycline_073,Tetracycline Antibiotics
Tetracycline_074,Tetracycline Antibiotics
Tetracycline_075,Tetracycline Antibiotics
Tetracycline_076,Tetracycline Antibiotics
Tetracycline_077,Tetracycline Antibiotics
Tetracycline_078,Tetracycline Antibiotics
Tetracycline_079,Tetracycline Antibiotics
Tetracycline_080,Tetracycline Antibiotics
Tetracycline_081,Tetracycline Antibiotics
Tetracycline_082,Tetracycline Antibiotics
Tetracycline_083,Tetracycline Antibiotics
Tetracycline_084,Tetracycline Antibiotics
Tetracycline_085,Tetracycline Antibiotics
Tetracycline_086,Tetracycline Antibiotics
Tetracycline_087,Tetracycline Antibiotics
Tetracycline_088,Tetracycline Antibiotics
Tetracycline_089,Tetracycline Antibiotics
Tetracycline_090,Tetracycline Antibiotics
Tetracycline_091,Tetracycline Antibiotics
Tetracycline_092,Tetracycline Antibiotics
Tetracycline_093,Tetracycline Antibiotics
Tetracycline_094,Tetracycline Antibiotics
Tetracycline_095,Tetracycline Antibiotics
Tetracycline_096,Tetracycline Antibiotics
Tetracycline_097,Tetracycline Antibiotics
Tetracycline_098,Tetracycline Antibiotics
Tetracycline_099,Tetracycline Antibiotics
Tetracycline_100,Tetracycline Antibiotics
Gentamicin,Aminoglycoside Antibiotics
Tobramycin,Aminoglycoside Antibiotics
Amikacin,Aminoglycoside Antibiotics
Neomycin,Aminoglycoside Antibiotics
Streptomycin,Aminoglycoside Antibiotics
Spectinomycin,Aminoglycoside Antibiotics
Plazomicin,Aminoglycoside Antibiotics
Kanamycin,Aminoglycoside Antibiotics
Netilmicin,Aminoglycoside Antibiotics
Paromomycin,Aminoglycoside Antibiotics
Aminoglycoside_011,Aminoglycoside Antibiotics
Aminoglycoside_012,Aminoglycoside Antibiotics
Aminoglycoside_013,Aminoglycoside Antibiotics
Aminoglycoside_014,Aminoglycoside Antibiotics
Aminoglycoside_015,Aminoglycoside Antibiotics
Aminoglycoside_016,Aminoglycoside Antibiotics
Aminoglycoside_017,Aminoglycoside Antibiotics
Aminoglycoside_018,Aminoglycoside Antibiotics
Aminoglycoside_019,Aminoglycoside Antibiotics
Aminoglycoside_020,Aminoglycoside Antibiotics
Aminoglycoside_021,Aminoglycoside Antibiotics
Aminoglycoside_022,Aminoglycoside Antibiotics
Aminoglycoside_023,Aminoglycoside Antibiotics
Aminoglycoside_024,Aminoglycoside Antibiotics
Aminoglycoside_025,Aminoglycoside Antibiotics
Aminoglycoside_026,Aminoglycoside Antibiotics
Aminoglycoside_027,Aminoglycoside Antibiotics
Aminoglycoside_028,Aminoglycoside Antibiotics
Aminoglycoside_029,Aminoglycoside Antibiotics
Aminoglycoside_030,Aminoglycoside Antibiotics
Aminoglycoside_031,Aminoglycoside Antibiotics
Aminoglycoside_032,Aminoglycoside Antibiotics
Aminoglycoside_033,Aminoglycoside Antibiotics
Aminoglycoside_034,Aminoglycoside Antibiotics
Aminoglycoside_035,Aminoglycoside Antibiotics
Aminoglycoside_036,Aminoglycoside Antibiotics
Aminoglycoside_037,Aminoglycoside Antibiotics
Aminoglycoside_038,Aminoglycoside Antibiotics
Aminoglycoside_039,Aminoglycoside Antibiotics
Aminoglycoside_040,Aminoglycoside Antibiotics
Aminoglycoside_041,Aminoglycoside Antibiotics
Aminoglycoside_042,Aminoglycoside Antibiotics
Aminoglycoside_043,Aminoglycoside Antibiotics
Aminoglycoside_044,Aminoglycoside Antibiotics
Aminoglycoside_045,Aminoglycoside Antibiotics
Aminoglycoside_046,Aminoglycoside Antibiotics
Aminoglycoside_047,Aminoglycoside Antibiotics
Aminoglycoside_048,Aminoglycoside Antibiotics
Aminoglycoside_049,Aminoglycoside Antibiotics
Aminoglycoside_050,Aminoglycoside Antibiotics
Aminoglycoside_051,Aminoglycoside Antibiotics
Aminoglycoside_052,Aminoglycoside Antibiotics
Aminoglycoside_053,Aminoglycoside Antibiotics
Aminoglycoside_054,Aminoglycoside Antibiotics
Aminoglycoside_055,Aminoglycoside Antibiotics
Aminoglycoside_056,Aminoglycoside Antibiotics
Aminoglycoside_057,Aminoglycoside Antibiotics
Aminoglycoside_058,Aminoglycoside Antibiotics
Aminoglycoside_059,Aminoglycoside Antibiotics
Aminoglycoside_060,Aminoglycoside Antibiotics
Aminoglycoside_061,Aminoglycoside Antibiotics
Aminoglycoside_062,Aminoglycoside Antibiotics
Aminoglycoside_063,Aminoglycoside Antibiotics
Aminoglycoside_064,Aminoglycoside Antibiotics
Aminoglycoside_065,Aminoglycoside Antibiotics
Aminoglycoside_066,Aminoglycoside Antibiotics
Aminoglycoside_067,Aminoglycoside Antibiotics
Aminoglycoside_068,Aminoglycoside Antibiotics
Aminoglycoside_069,Aminoglycoside Antibiotics
Aminoglycoside_070,Aminoglycoside Antibiotics
Aminoglycoside_071,Aminoglycoside Antibiotics
Aminoglycoside_072,Aminoglycoside Antibiotics
Aminoglycoside_073,Aminoglycoside Antibiotics
Aminoglycoside_074,Aminoglycoside Antibiotics
Aminoglycoside_075,Aminoglycoside Antibiotics
Aminoglycoside_076,Aminoglycoside Antibiotics
Aminoglycoside_077,Aminoglycoside Antibiotics
Aminoglycoside_078,Aminoglycoside Antibiotics
Aminoglycoside_079,Aminoglycoside Antibiotics
Aminoglycoside_080,Aminoglycoside Antibiotics
Aminoglycoside_081,Aminoglycoside Antibiotics
Aminoglycoside_082,Aminoglycoside Antibiotics
Aminoglycoside_083,Aminoglycoside Antibiotics
Aminoglycoside_084,Aminoglycoside Antibiotics
Aminoglycoside_085,Aminoglycoside Antibiotics
Aminoglycoside_086,Aminoglycoside Antibiotics
Aminoglycoside_087,Aminoglycoside Antibiotics
Aminoglycoside_088,Aminoglycoside Antibiotics
Aminoglycoside_089,Aminoglycoside Antibiotics
Aminoglycoside_090,Aminoglycoside Antibiotics
Aminoglycoside_091,Aminoglycoside Antibiotics
Aminoglycoside_092,Aminoglycoside Antibiotics
Aminoglycoside_093,Aminoglycoside Antibiotics
Aminoglycoside_094,Aminoglycoside Antibiotics
Aminoglycoside_095,Aminoglycoside Antibiotics
Aminoglycoside_096,Aminoglycoside Antibiotics
Aminoglycoside_097,Aminoglycoside Antibiotics
Aminoglycoside_098,Aminoglycoside Antibiotics
Aminoglycoside_099,Aminoglycoside Antibiotics
Aminoglycoside_100,Aminoglycoside Antibiotics
Atorvastatin,Statins
Rosuvastatin,Statins
Simvastatin,Statins
Pravastatin,Statins
Lovastatin,Statins
Fluvastatin,Statins
Pitavastatin,Statins
Cerivastatin,Statins
Mevastatin,Statins
Compactin,Statins
Statins_011,Statins
Statins_012,Statins
Statins_013,Statins
Statins_014,Statins
Statins_015,Statins
Statins_016,Statins
Statins_017,Statins
Statins_018,Statins
Statins_019,Statins
Statins_020,Statins
Statins_021,Statins
Statins_022,Statins
Statins_023,Statins
Statins_024,Statins
Statins_025,Statins
Statins_026,Statins
Statins_027,Statins
Statins_028,Statins
Statins_029,Statins
Statins_030,Statins
Statins_031,Statins
Statins_032,Statins
Statins_033,Statins
Statins_034,Statins
Statins_035,Statins
Statins_036,Statins
Statins_037,Statins
Statins_038,Statins
Statins_039,Statins
Statins_040,Statins
Statins_041,Statins
Statins_042,Statins
Statins_043,Statins
Statins_044,Statins
Statins_045,Statins
Statins_046,Statins
Statins_047,Statins
Statins_048,Statins
Statins_049,Statins
Statins_050,Statins
Statins_051,Statins
Statins_052,Statins
Statins_053,Statins
Statins_054,Statins
Statins_055,Statins
Statins_056,Statins
Statins_057,Statins
Statins_058,Statins
Statins_059,Statins
Statins_060,Statins
Statins_061,Statins
Statins_062,Statins
Statins_063,Statins
Statins_064,Statins
Statins_065,Statins
Statins_066,Statins
Statins_067,Statins
Statins_068,Statins
Statins_069,Statins
Statins_070,Statins
Statins_071,Statins
Statins_072,Statins
Statins_073,Statins
Statins_074,Statins
Statins_075,Statins
Statins_076,Statins
Statins_077,Statins
Statins_078,Statins
Statins_079,Statins
Statins_080,Statins
Statins_081,Statins
Statins_082,Statins
Statins_083,Statins
Statins_084,Statins
Statins_085,Statins
Statins_086,Statins
Statins_087,Statins
Statins_088,Statins
Statins_089,Statins
Statins_090,Statins
Statins_091,Statins
Statins_092,Statins
Statins_093,Statins
Statins_094,Statins
Statins_095,Statins
Statins_096,Statins
Statins_097,Statins
Statins_098,Statins
Statins_099,Statins
Statins_100,Statins
Lisinopril,ACE Inhibitors
Enalapril,ACE Inhibitors
Ramipril,ACE Inhibitors
Captopril,ACE Inhibitors
Benazepril,ACE Inhibitors
Fosinopril,ACE Inhibitors
Quinapril,ACE Inhibitors
Perindopril,ACE Inhibitors
Trandolapril,ACE Inhibitors
Moexipril,ACE Inhibitors
Cilazapril,ACE Inhibitors
Spirapril,ACE Inhibitors
ACE_013,ACE Inhibitors
ACE_014,ACE Inhibitors
ACE_015,ACE Inhibitors
ACE_016,ACE Inhibitors
ACE_017,ACE Inhibitors
ACE_018,ACE Inhibitors
ACE_019,ACE Inhibitors
ACE_020,ACE Inhibitors
ACE_021,ACE Inhibitors
ACE_022,ACE Inhibitors
ACE_023,ACE Inhibitors
ACE_024,ACE Inhibitors
ACE_025,ACE Inhibitors
ACE_026,ACE Inhibitors
ACE_027,ACE Inhibitors
ACE_028,ACE Inhibitors
ACE_029,ACE Inhibitors
ACE_030,ACE Inhibitors
ACE_031,ACE Inhibitors
ACE_032,ACE Inhibitors
ACE_033,ACE Inhibitors
ACE_034,ACE Inhibitors
ACE_035,ACE Inhibitors
ACE_036,ACE Inhibitors
ACE_037,ACE Inhibitors
ACE_038,ACE Inhibitors
ACE_039,ACE Inhibitors
ACE_040,ACE Inhibitors
ACE_041,ACE Inhibitors
ACE_042,ACE Inhibitors
ACE_043,ACE Inhibitors
ACE_044,ACE Inhibitors
ACE_045,ACE Inhibitors
ACE_046,ACE Inhibitors
ACE_047,ACE Inhibitors
ACE_048,ACE Inhibitors
ACE_049,ACE Inhibitors
ACE_050,ACE Inhibitors
ACE_051,ACE Inhibitors
ACE_052,ACE Inhibitors
ACE_053,ACE Inhibitors
ACE_054,ACE Inhibitors
ACE_055,ACE Inhibitors
ACE_056,ACE Inhibitors
ACE_057,ACE Inhibitors
ACE_058,ACE Inhibitors
ACE_059,ACE Inhibitors
ACE_060,ACE Inhibitors
ACE_061,ACE Inhibitors
ACE_062,ACE Inhibitors
ACE_063,ACE Inhibitors
ACE_064,ACE Inhibitors
ACE_065,ACE Inhibitors
ACE_066,ACE Inhibitors
ACE_067,ACE Inhibitors
ACE_068,ACE Inhibitors
ACE_069,ACE Inhibitors
ACE_070,ACE Inhibitors
ACE_071,ACE Inhibitors
ACE_072,ACE Inhibitors
ACE_073,ACE Inhibitors
ACE_074,ACE Inhibitors
ACE_075,ACE Inhibitors
ACE_076,ACE Inhibitors
ACE_077,ACE Inhibitors
ACE_078,ACE Inhibitors
ACE_079,ACE Inhibitors
ACE_080,ACE Inhibitors
ACE_081,ACE Inhibitors
ACE_082,ACE Inhibitors
ACE_083,ACE Inhibitors
ACE_084,ACE Inhibitors
ACE_085,ACE Inhibitors
ACE_086,ACE Inhibitors
ACE_087,ACE Inhibitors
ACE_088,ACE Inhibitors
ACE_089,ACE Inhibitors
ACE_090,ACE Inhibitors
ACE_091,ACE Inhibitors
ACE_092,ACE Inhibitors
ACE_093,ACE Inhibitors
ACE_094,ACE Inhibitors
ACE_095,ACE Inhibitors
ACE_096,ACE Inhibitors
ACE_097,ACE Inhibitors
ACE_098,ACE Inhibitors
ACE_099,ACE Inhibitors
ACE_100,ACE Inhibitors
Metoprolol,Beta-blockers
Atenolol,Beta-blockers
Propranolol,Beta-blockers
Carvedilol,Beta-blockers
Nebivolol,Beta-blockers
Bisoprolol,Beta-blockers
Labetalol,Beta-blockers
Nadolol,Beta-blockers
Acebutolol,Beta-blockers
Pindolol,Beta-blockers
Timolol,Beta-blockers
Sotalol,Beta-blockers
Betaxolol,Beta-blockers
Betablockers_014,Beta-blockers
Betablockers_015,Beta-blockers
Betablockers_016,Beta-blockers
Betablockers_017,Beta-blockers
Betablockers_018,Beta-blockers
Betablockers_019,Beta-blockers
Betablockers_020,Beta-blockers
Betablockers_021,Beta-blockers
Betablockers_022,Beta-blockers
Betablockers_023,Beta-blockers
Betablockers_024,Beta-blockers
Betablockers_025,Beta-blockers
Betablockers_026,Beta-blockers
Betablockers_027,Beta-blockers
Betablockers_028,Beta-blockers
Betablockers_029,Beta-blockers
Betablockers_030,Beta-blockers
Betablockers_031,Beta-blockers
Betablockers_032,Beta-blockers
Betablockers_033,Beta-blockers
Betablockers_034,Beta-blockers
Betablockers_035,Beta-blockers
Betablockers_036,Beta-blockers
Betablockers_037,Beta-blockers
Betablockers_038,Beta-blockers
Betablockers_039,Beta-blockers
Betablockers_040,Beta-blockers
Betablockers_041,Beta-blockers
Betablockers_042,Beta-blockers
Betablockers_043,Beta-blockers
Betablockers_044,Beta-blockers
Betablockers_045,Beta-blockers
Betablockers_046,Beta-blockers
Betablockers_047,Beta-blockers
Betablockers_048,Beta-blockers
Betablockers_049,Beta-blockers
Betablockers_050,Beta-blockers
Betablockers_051,Beta-blockers
Betablockers_052,Beta-blockers
Betablockers_053,Beta-blockers
Betablockers_054,Beta-blockers
Betablockers_055,Beta-blockers
Betablockers_056,Beta-blockers
Betablockers_057,Beta-blockers
Betablockers_058,Beta-blockers
Betablockers_059,Beta-blockers
Betablockers_060,Beta-blockers
Betablockers_061,Beta-blockers
Betablockers_062,Beta-blockers
Betablockers_063,Beta-blockers
Betablockers_064,Beta-blockers
Betablockers_065,Beta-blockers
Betablockers_066,Beta-blockers
Betablockers_067,Beta-blockers
Betablockers_068,Beta-blockers
Betablockers_069,Beta-blockers
Betablockers_070,Beta-blockers
Betablockers_071,Beta-blockers
Betablockers_072,Beta-blockers
Betablockers_073,Beta-blockers
Betablockers_074,Beta-blockers
Betablockers_075,Beta-blockers
Betablockers_076,Beta-blockers
Betablockers_077,Beta-blockers
Betablockers_078,Beta-blockers
Betablockers_079,Beta-blockers
Betablockers_080,Beta-blockers
Betablockers_081,Beta-blockers
Betablockers_082,Beta-blockers
Betablockers_083,Beta-blockers
Betablockers_084,Beta-blockers
Betablockers_085,Beta-blockers
Betablockers_086,Beta-blockers
Betablockers_087,Beta-blockers
Betablockers_088,Beta-blockers
Betablockers_089,Beta-blockers
Betablockers_090,Beta-blockers
Betablockers_091,Beta-blockers
Betablockers_092,Beta-blockers
Betablockers_093,Beta-blockers
Betablockers_094,Beta-blockers
Betablockers_095,Beta-blockers
Betablockers_096,Beta-blockers
Betablockers_097,Beta-blockers
Betablockers_098,Beta-blockers
Betablockers_099,Beta-blockers
Betablockers_100,Beta-blockers
Amlodipine,Calcium Channel Blockers
Nifedipine,Calcium Channel Blockers
Diltiazem,Calcium Channel Blockers
Verapamil,Calcium Channel Blockers
Felodipine,Calcium Channel Blockers
Nisoldipine,Calcium Channel Blockers
Isradipine,Calcium Channel Blockers
Nicardipine,Calcium Channel Blockers
Clevidipine,Calcium Channel Blockers
Nimodipine,Calcium Channel Blockers
Nitrendipine,Calcium Channel Blockers
Lacidipine,Calcium Channel Blockers
Calcium_013,Calcium Channel Blockers
Calcium_014,Calcium Channel Blockers
Calcium_015,Calcium Channel Blockers
Calcium_016,Calcium Channel Blockers
Calcium_017,Calcium Channel Blockers
Calcium_018,Calcium Channel Blockers
Calcium_019,Calcium Channel Blockers
Calcium_020,Calcium Channel Blockers
Calcium_021,Calcium Channel Blockers
Calcium_022,Calcium Channel Blockers
Calcium_023,Calcium Channel Blockers
Calcium_024,Calcium Channel Blockers
Calcium_025,Calcium Channel Blockers
Calcium_026,Calcium Channel Blockers
Calcium_027,Calcium Channel Blockers
Calcium_028,Calcium Channel Blockers
Calcium_029,Calcium Channel Blockers
Calcium_030,Calcium Channel Blockers
Calcium_031,Calcium Channel Blockers
Calcium_032,Calcium Channel Blockers
Calcium_033,Calcium Channel Blockers
Calcium_034,Calcium Channel Blockers
Calcium_035,Calcium Channel Blockers
Calcium_036,Calcium Channel Blockers
Calcium_037,Calcium Channel Blockers
Calcium_038,Calcium Channel Blockers
Calcium_039,Calcium Channel Blockers
Calcium_040,Calcium Channel Blockers
Calcium_041,Calcium Channel Blockers
Calcium_042,Calcium Channel Blockers
Calcium_043,Calcium Channel Blockers
Calcium_044,Calcium Channel Blockers
Calcium_045,Calcium Channel Blockers
Calcium_046,Calcium Channel Blockers
Calcium_047,Calcium Channel Blockers
Calcium_048,Calcium Channel Blockers
Calcium_049,Calcium Channel Blockers
Calcium_050,Calcium Channel Blockers
Calcium_051,Calcium Channel Blockers
Calcium_052,Calcium Channel Blockers
Calcium_053,Calcium Channel Blockers
Calcium_054,Calcium Channel Blockers
Calcium_055,Calcium Channel Blockers
Calcium_056,Calcium Channel Blockers
Calcium_057,Calcium Channel Blockers
Calcium_058,Calcium Channel Blockers
Calcium_059,Calcium Channel Blockers
Calcium_060,Calcium Channel Blockers
Calcium_061,Calcium Channel Blockers
Calcium_062,Calcium Channel Blockers
Calcium_063,Calcium Channel Blockers
Calcium_064,Calcium Channel Blockers
Calcium_065,Calcium Channel Blockers
Calcium_066,Calcium Channel Blockers
Calcium_067,Calcium Channel Blockers
Calcium_068,Calcium Channel Blockers
Calcium_069,Calcium Channel Blockers
Calcium_070,Calcium Channel Blockers
Calcium_071,Calcium Channel Blockers
Calcium_072,Calcium Channel Blockers
Calcium_073,Calcium Channel Blockers
Calcium_074,Calcium Channel Blockers
Calcium_075,Calcium Channel Blockers
Calcium_076,Calcium Channel Blockers
Calcium_077,Calcium Channel Blockers
Calcium_078,Calcium Channel Blockers
Calcium_079,Calcium Channel Blockers
Calcium_080,Calcium Channel Blockers
Calcium_081,Calcium Channel Blockers
Calcium_082,Calcium Channel Blockers
Calcium_083,Calcium Channel Blockers
Calcium_084,Calcium Channel Blockers
Calcium_085,Calcium Channel Blockers
Calcium_086,Calcium Channel Blockers
Calcium_087,Calcium Channel Blockers
Calcium_088,Calcium Channel Blockers
Calcium_089,Calcium Channel Blockers
Calcium_090,Calcium Channel Blockers
Calcium_091,Calcium Channel Blockers
Calcium_092,Calcium Channel Blockers
Calcium_093,Calcium Channel Blockers
Calcium_094,Calcium Channel Blockers
Calcium_095,Calcium Channel Blockers
Calcium_096,Calcium Channel Blockers
Calcium_097,Calcium Channel Blockers
Calcium_098,Calcium Channel Blockers
Calcium_099,Calcium Channel Blockers
Calcium_100,Calcium Channel Blockers
Losartan,Angiotensin Receptor Blockers
Valsartan,Angiotensin Receptor Blockers
Irbesartan,Angiotensin Receptor Blockers
Candesartan,Angiotensin Receptor Blockers
Olmesartan,Angiotensin Receptor Blockers
Telmisartan,Angiotensin Receptor Blockers
Eprosartan,Angiotensin Receptor Blockers
Azilsartan,Angiotensin Receptor Blockers
Fimasartan,Angiotensin Receptor Blockers
Saprisartan,Angiotensin Receptor Blockers
Angiotensin_011,Angiotensin Receptor Blockers
Angiotensin_012,Angiotensin Receptor Blockers
Angiotensin_013,Angiotensin Receptor Blockers
Angiotensin_014,Angiotensin Receptor Blockers
Angiotensin_015,Angiotensin Receptor Blockers
Angiotensin_016,Angiotensin Receptor Blockers
Angiotensin_017,Angiotensin Receptor Blockers
Angiotensin_018,Angiotensin Receptor Blockers
Angiotensin_019,Angiotensin Receptor Blockers
Angiotensin_020,Angiotensin Receptor Blockers
Angiotensin_021,Angiotensin Receptor Blockers
Angiotensin_022,Angiotensin Receptor Blockers
Angiotensin_023,Angiotensin Receptor Blockers
Angiotensin_024,Angiotensin Receptor Blockers
Angiotensin_025,Angiotensin Receptor Blockers
Angiotensin_026,Angiotensin Receptor Blockers
Angiotensin_027,Angiotensin Receptor Blockers
Angiotensin_028,Angiotensin Receptor Blockers
Angiotensin_029,Angiotensin Receptor Blockers
Angiotensin_030,Angiotensin Receptor Blockers
Angiotensin_031,Angiotensin Receptor Blockers
Angiotensin_032,Angiotensin Receptor Blockers
Angiotensin_033,Angiotensin Receptor Blockers
Angiotensin_034,Angiotensin Receptor Blockers
Angiotensin_035,Angiotensin Receptor Blockers
Angiotensin_036,Angiotensin Receptor Blockers
Angiotensin_037,Angiotensin Receptor Blockers
Angiotensin_038,Angiotensin Receptor Blockers
Angiotensin_039,Angiotensin Receptor Blockers
Angiotensin_040,Angiotensin Receptor Blockers
Angiotensin_041,Angiotensin Receptor Blockers
Angiotensin_042,Angiotensin Receptor Blockers
Angiotensin_043,Angiotensin Receptor Blockers
Angiotensin_044,Angiotensin Receptor Blockers
Angiotensin_045,Angiotensin Receptor Blockers
Angiotensin_046,Angiotensin Receptor Blockers
Angiotensin_047,Angiotensin Receptor Blockers
Angiotensin_048,Angiotensin Receptor Blockers
Angiotensin_049,Angiotensin Receptor Blockers
Angiotensin_050,Angiotensin Receptor Blockers
Angiotensin_051,Angiotensin Receptor Blockers
Angiotensin_052,Angiotensin Receptor Blockers
Angiotensin_053,Angiotensin Receptor Blockers
Angiotensin_054,Angiotensin Receptor Blockers
Angiotensin_055,Angiotensin Receptor Blockers
Angiotensin_056,Angiotensin Receptor Blockers
Angiotensin_057,Angiotensin Receptor Blockers
Angiotensin_058,Angiotensin Receptor Blockers
Angiotensin_059,Angiotensin Receptor Blockers
Angiotensin_060,Angiotensin Receptor Blockers
Angiotensin_061,Angiotensin Receptor Blockers
Angiotensin_062,Angiotensin Receptor Blockers
Angiotensin_063,Angiotensin Receptor Blockers
Angiotensin_064,Angiotensin Receptor Blockers
Angiotensin_065,Angiotensin Receptor Blockers
Angiotensin_066,Angiotensin Receptor Blockers
Angiotensin_067,Angiotensin Receptor Blockers
Angiotensin_068,Angiotensin Receptor Blockers
Angiotensin_069,Angiotensin Receptor Blockers
Angiotensin_070,Angiotensin Receptor Blockers
Angiotensin_071,Angiotensin Receptor Blockers
Angiotensin_072,Angiotensin Receptor Blockers
Angiotensin_073,Angiotensin Receptor Blockers
Angiotensin_074,Angiotensin Receptor Blockers
Angiotensin_075,Angiotensin Receptor Blockers
Angiotensin_076,Angiotensin Receptor Blockers
Angiotensin_077,Angiotensin Receptor Blockers
Angiotensin_078,Angiotensin Receptor Blockers
Angiotensin_079,Angiotensin Receptor Blockers
Angiotensin_080,Angiotensin Receptor Blockers
Angiotensin_081,Angiotensin Receptor Blockers
Angiotensin_082,Angiotensin Receptor Blockers
Angiotensin_083,Angiotensin Receptor Blockers
Angiotensin_084,Angiotensin Receptor Blockers
Angiotensin_085,Angiotensin Receptor Blockers
Angiotensin_086,Angiotensin Receptor Blockers
Angiotensin_087,Angiotensin Receptor Blockers
Angiotensin_088,Angiotensin Receptor Blockers
Angiotensin_089,Angiotensin Receptor Blockers
Angiotensin_090,Angiotensin Receptor Blockers
Angiotensin_091,Angiotensin Receptor Blockers
Angiotensin_092,Angiotensin Receptor Blockers
Angiotensin_093,Angiotensin Receptor Blockers
Angiotensin_094,Angiotensin Receptor Blockers
Angiotensin_095,Angiotensin Receptor Blockers
Angiotensin_096,Angiotensin Receptor Blockers
Angiotensin_097,Angiotensin Receptor Blockers
Angiotensin_098,Angiotensin Receptor Blockers
Angiotensin_099,Angiotensin Receptor Blockers
Angiotensin_100,Angiotensin Receptor Blockers
Fluoxetine,SSRIs
Sertraline,SSRIs
Paroxetine,SSRIs
Citalopram,SSRIs
Escitalopram,SSRIs
Fluvoxamine,SSRIs
Dapoxetine,SSRIs
Indalpine,SSRIs
Zimelidine,SSRIs
Alaproclate,SSRIs
SSRIs_011,SSRIs
SSRIs_012,SSRIs
SSRIs_013,SSRIs
SSRIs_014,SSRIs
SSRIs_015,SSRIs
SSRIs_016,SSRIs
SSRIs_017,SSRIs
SSRIs_018,SSRIs
SSRIs_019,SSRIs
SSRIs_020,SSRIs
SSRIs_021,SSRIs
SSRIs_022,SSRIs
SSRIs_023,SSRIs
SSRIs_024,SSRIs
SSRIs_025,SSRIs
SSRIs_026,SSRIs
SSRIs_027,SSRIs
SSRIs_028,SSRIs
SSRIs_029,SSRIs
SSRIs_030,SSRIs
SSRIs_031,SSRIs
SSRIs_032,SSRIs
SSRIs_033,SSRIs
SSRIs_034,SSRIs
SSRIs_035,SSRIs
SSRIs_036,SSRIs
SSRIs_037,SSRIs
SSRIs_038,SSRIs
SSRIs_039,SSRIs
SSRIs_040,SSRIs
SSRIs_041,SSRIs
SSRIs_042,SSRIs
SSRIs_043,SSRIs
SSRIs_044,SSRIs
SSRIs_045,SSRIs
SSRIs_046,SSRIs
SSRIs_047,SSRIs
SSRIs_048,SSRIs
SSRIs_049,SSRIs
SSRIs_050,SSRIs
SSRIs_051,SSRIs
SSRIs_052,SSRIs
SSRIs_053,SSRIs
SSRIs_054,SSRIs
SSRIs_055,SSRIs
SSRIs_056,SSRIs
SSRIs_057,SSRIs
SSRIs_058,SSRIs
SSRIs_059,SSRIs
SSRIs_060,SSRIs
SSRIs_061,SSRIs
SSRIs_062,SSRIs
SSRIs_063,SSRIs
SSRIs_064,SSRIs
SSRIs_065,SSRIs
SSRIs_066,SSRIs
SSRIs_067,SSRIs
SSRIs_068,SSRIs
SSRIs_069,SSRIs
SSRIs_070,SSRIs
SSRIs_071,SSRIs
SSRIs_072,SSRIs
SSRIs_073,SSRIs
SSRIs_074,SSRIs
SSRIs_075,SSRIs
SSRIs_076,SSRIs
SSRIs_077,SSRIs
SSRIs_078,SSRIs
SSRIs_079,SSRIs
SSRIs_080,SSRIs
SSRIs_081,SSRIs
SSRIs_082,SSRIs
SSRIs_083,SSRIs
SSRIs_084,SSRIs
SSRIs_085,SSRIs
SSRIs_086,SSRIs
SSRIs_087,SSRIs
SSRIs_088,SSRIs
SSRIs_089,SSRIs
SSRIs_090,SSRIs
SSRIs_091,SSRIs
SSRIs_092,SSRIs
SSRIs_093,SSRIs
SSRIs_094,SSRIs
SSRIs_095,SSRIs
SSRIs_096,SSRIs
SSRIs_097,SSRIs
SSRIs_098,SSRIs
SSRIs_099,SSRIs
SSRIs_100,SSRIs
Venlafaxine,SNRIs
Duloxetine,SNRIs
Desvenlafaxine,SNRIs
Levomilnacipran,SNRIs
Milnacipran,SNRIs
Sibutramine,SNRIs
Bicifadine,SNRIs
Atomoxetine,SNRIs
Reboxetine,SNRIs
Nefazodone,SNRIs
SNRIs_011,SNRIs
SNRIs_012,SNRIs
SNRIs_013,SNRIs
SNRIs_014,SNRIs
SNRIs_015,SNRIs
SNRIs_016,SNRIs
SNRIs_017,SNRIs
SNRIs_018,SNRIs
SNRIs_019,SNRIs
SNRIs_020,SNRIs
SNRIs_021,SNRIs
SNRIs_022,SNRIs
SNRIs_023,SNRIs
SNRIs_024,SNRIs
SNRIs_025,SNRIs
SNRIs_026,SNRIs
SNRIs_027,SNRIs
SNRIs_028,SNRIs
SNRIs_029,SNRIs
SNRIs_030,SNRIs
SNRIs_031,SNRIs
SNRIs_032,SNRIs
SNRIs_033,SNRIs
SNRIs_034,SNRIs
SNRIs_035,SNRIs
SNRIs_036,SNRIs
SNRIs_037,SNRIs
SNRIs_038,SNRIs
SNRIs_039,SNRIs
SNRIs_040,SNRIs
SNRIs_041,SNRIs
SNRIs_042,SNRIs
SNRIs_043,SNRIs
SNRIs_044,SNRIs
SNRIs_045,SNRIs
SNRIs_046,SNRIs
SNRIs_047,SNRIs
SNRIs_048,SNRIs
SNRIs_049,SNRIs
SNRIs_050,SNRIs
SNRIs_051,SNRIs
SNRIs_052,SNRIs
SNRIs_053,SNRIs
SNRIs_054,SNRIs
SNRIs_055,SNRIs
SNRIs_056,SNRIs
SNRIs_057,SNRIs
SNRIs_058,SNRIs
SNRIs_059,SNRIs
SNRIs_060,SNRIs
SNRIs_061,SNRIs
SNRIs_062,SNRIs
SNRIs_063,SNRIs
SNRIs_064,SNRIs
SNRIs_065,SNRIs
SNRIs_066,SNRIs
SNRIs_067,SNRIs
SNRIs_068,SNRIs
SNRIs_069,SNRIs
SNRIs_070,SNRIs
SNRIs_071,SNRIs
SNRIs_072,SNRIs
SNRIs_073,SNRIs
SNRIs_074,SNRIs
SNRIs_075,SNRIs
SNRIs_076,SNRIs
SNRIs_077,SNRIs
SNRIs_078,SNRIs
SNRIs_079,SNRIs
SNRIs_080,SNRIs
SNRIs_081,SNRIs
SNRIs_082,SNRIs
SNRIs_083,SNRIs
SNRIs_084,SNRIs
SNRIs_085,SNRIs
SNRIs_086,SNRIs
SNRIs_087,SNRIs
SNRIs_088,SNRIs
SNRIs_089,SNRIs
SNRIs_090,SNRIs
SNRIs_091,SNRIs
SNRIs_092,SNRIs
SNRIs_093,SNRIs
SNRIs_094,SNRIs
SNRIs_095,SNRIs
SNRIs_096,SNRIs
SNRIs_097,SNRIs
SNRIs_098,SNRIs
SNRIs_099,SNRIs
SNRIs_100,SNRIs
Haloperidol,Antipsychotics
Risperidone,Antipsychotics
Olanzapine,Antipsychotics
Quetiapine,Antipsychotics
Aripiprazole,Antipsychotics
Ziprasidone,Antipsychotics
Clozapine,Antipsychotics
Lurasidone,Antipsychotics
Paliperidone,Antipsychotics
Iloperidone,Antipsychotics
Asenapine,Antipsychotics
Cariprazine,Antipsychotics
Brexpiprazole,Antipsychotics
Pimavanserin,Antipsychotics
Chlorpromazine,Antipsychotics
Fluphenazine,Antipsychotics
Antipsychotics_017,Antipsychotics
Antipsychotics_018,Antipsychotics
Antipsychotics_019,Antipsychotics
Antipsychotics_020,Antipsychotics
Antipsychotics_021,Antipsychotics
Antipsychotics_022,Antipsychotics
Antipsychotics_023,Antipsychotics
Antipsychotics_024,Antipsychotics
Antipsychotics_025,Antipsychotics
Antipsychotics_026,Antipsychotics
Antipsychotics_027,Antipsychotics
Antipsychotics_028,Antipsychotics
Antipsychotics_029,Antipsychotics
Antipsychotics_030,Antipsychotics
Antipsychotics_031,Antipsychotics
Antipsychotics_032,Antipsychotics
Antipsychotics_033,Antipsychotics
Antipsychotics_034,Antipsychotics
Antipsychotics_035,Antipsychotics
Antipsychotics_036,Antipsychotics
Antipsychotics_037,Antipsychotics
Antipsychotics_038,Antipsychotics
Antipsychotics_039,Antipsychotics
Antipsychotics_040,Antipsychotics
Antipsychotics_041,Antipsychotics
Antipsychotics_042,Antipsychotics
Antipsychotics_043,Antipsychotics
Antipsychotics_044,Antipsychotics
Antipsychotics_045,Antipsychotics
Antipsychotics_046,Antipsychotics
Antipsychotics_047,Antipsychotics
Antipsychotics_048,Antipsychotics
Antipsychotics_049,Antipsychotics
Antipsychotics_050,Antipsychotics
Antipsychotics_051,Antipsychotics
Antipsychotics_052,Antipsychotics
Antipsychotics_053,Antipsychotics
Antipsychotics_054,Antipsychotics
Antipsychotics_055,Antipsychotics
Antipsychotics_056,Antipsychotics
Antipsychotics_057,Antipsychotics
Antipsychotics_058,Antipsychotics
Antipsychotics_059,Antipsychotics
Antipsychotics_060,Antipsychotics
Antipsychotics_061,Antipsychotics
Antipsychotics_062,Antipsychotics
Antipsychotics_063,Antipsychotics
Antipsychotics_064,Antipsychotics
Antipsychotics_065,Antipsychotics
Antipsychotics_066,Antipsychotics
Antipsychotics_067,Antipsychotics
Antipsychotics_068,Antipsychotics
Antipsychotics_069,Antipsychotics
Antipsychotics_070,Antipsychotics
Antipsychotics_071,Antipsychotics
Antipsychotics_072,Antipsychotics
Antipsychotics_073,Antipsychotics
Antipsychotics_074,Antipsychotics
Antipsychotics_075,Antipsychotics
Antipsychotics_076,Antipsychotics
Antipsychotics_077,Antipsychotics
Antipsychotics_078,Antipsychotics
Antipsychotics_079,Antipsychotics
Antipsychotics_080,Antipsychotics
Antipsychotics_081,Antipsychotics
Antipsychotics_082,Antipsychotics
Antipsychotics_083,Antipsychotics
Antipsychotics_084,Antipsychotics
Antipsychotics_085,Antipsychotics
Antipsychotics_086,Antipsychotics
Antipsychotics_087,Antipsychotics
Antipsychotics_088,Antipsychotics
Antipsychotics_089,Antipsychotics
Antipsychotics_090,Antipsychotics
Antipsychotics_091,Antipsychotics
Antipsychotics_092,Antipsychotics
Antipsychotics_093,Antipsychotics
Antipsychotics_094,Antipsychotics
Antipsychotics_095,Antipsychotics
Antipsychotics_096,Antipsychotics
Antipsychotics_097,Antipsychotics
Antipsychotics_098,Antipsychotics
Antipsychotics_099,Antipsychotics
Antipsychotics_100,Antipsychotics
Diazepam,Benzodiazepines
Lorazepam,Benzodiazepines
Clonazepam,Benzodiazepines
Alprazolam,Benzodiazepines
Midazolam,Benzodiazepines
Triazolam,Benzodiazepines
Oxazepam,Benzodiazepines
Temazepam,Benzodiazepines
Chlordiazepoxide,Benzodiazepines
Clorazepate,Benzodiazepines
Flurazepam,Benzodiazepines
Nitrazepam,Benzodiazepines
Bromazepam,Benzodiazepines
Clobazam,Benzodiazepines
Benzodiazepines_015,Benzodiazepines
Benzodiazepines_016,Benzodiazepines
Benzodiazepines_017,Benzodiazepines
Benzodiazepines_018,Benzodiazepines
Benzodiazepines_019,Benzodiazepines
Benzodiazepines_020,Benzodiazepines
Benzodiazepines_021,Benzodiazepines
Benzodiazepines_022,Benzodiazepines
Benzodiazepines_023,Benzodiazepines
Benzodiazepines_024,Benzodiazepines
Benzodiazepines_025,Benzodiazepines
Benzodiazepines_026,Benzodiazepines
Benzodiazepines_027,Benzodiazepines
Benzodiazepines_028,Benzodiazepines
Benzodiazepines_029,Benzodiazepines
Benzodiazepines_030,Benzodiazepines
Benzodiazepines_031,Benzodiazepines
Benzodiazepines_032,Benzodiazepines
Benzodiazepines_033,Benzodiazepines
Benzodiazepines_034,Benzodiazepines
Benzodiazepines_035,Benzodiazepines
Benzodiazepines_036,Benzodiazepines
Benzodiazepines_037,Benzodiazepines
Benzodiazepines_038,Benzodiazepines
Benzodiazepines_039,Benzodiazepines
Benzodiazepines_040,Benzodiazepines
Benzodiazepines_041,Benzodiazepines
Benzodiazepines_042,Benzodiazepines
Benzodiazepines_043,Benzodiazepines
Benzodiazepines_044,Benzodiazepines
Benzodiazepines_045,Benzodiazepines
Benzodiazepines_046,Benzodiazepines
Benzodiazepines_047,Benzodiazepines
Benzodiazepines_048,Benzodiazepines
Benzodiazepines_049,Benzodiazepines
Benzodiazepines_050,Benzodiazepines
Benzodiazepines_051,Benzodiazepines
Benzodiazepines_052,Benzodiazepines
Benzodiazepines_053,Benzodiazepines
Benzodiazepines_054,Benzodiazepines
Benzodiazepines_055,Benzodiazepines
Benzodiazepines_056,Benzodiazepines
Benzodiazepines_057,Benzodiazepines
Benzodiazepines_058,Benzodiazepines
Benzodiazepines_059,Benzodiazepines
Benzodiazepines_060,Benzodiazepines
Benzodiazepines_061,Benzodiazepines
Benzodiazepines_062,Benzodiazepines
Benzodiazepines_063,Benzodiazepines
Benzodiazepines_064,Benzodiazepines
Benzodiazepines_065,Benzodiazepines
Benzodiazepines_066,Benzodiazepines
Benzodiazepines_067,Benzodiazepines
Benzodiazepines_068,Benzodiazepines
Benzodiazepines_069,Benzodiazepines
Benzodiazepines_070,Benzodiazepines
Benzodiazepines_071,Benzodiazepines
Benzodiazepines_072,Benzodiazepines
Benzodiazepines_073,Benzodiazepines
Benzodiazepines_074,Benzodiazepines
Benzodiazepines_075,Benzodiazepines
Benzodiazepines_076,Benzodiazepines
Benzodiazepines_077,Benzodiazepines
Benzodiazepines_078,Benzodiazepines
Benzodiazepines_079,Benzodiazepines
Benzodiazepines_080,Benzodiazepines
Benzodiazepines_081,Benzodiazepines
Benzodiazepines_082,Benzodiazepines
Benzodiazepines_083,Benzodiazepines
Benzodiazepines_084,Benzodiazepines
Benzodiazepines_085,Benzodiazepines
Benzodiazepines_086,Benzodiazepines
Benzodiazepines_087,Benzodiazepines
Benzodiazepines_088,Benzodiazepines
Benzodiazepines_089,Benzodiazepines
Benzodiazepines_090,Benzodiazepines
Benzodiazepines_091,Benzodiazepines
Benzodiazepines_092,Benzodiazepines
Benzodiazepines_093,Benzodiazepines
Benzodiazepines_094,Benzodiazepines
Benzodiazepines_095,Benzodiazepines
Benzodiazepines_096,Benzodiazepines
Benzodiazepines_097,Benzodiazepines
Benzodiazepines_098,Benzodiazepines
Benzodiazepines_099,Benzodiazepines
Benzodiazepines_100,Benzodiazepines
Morphine,Opioids
Oxycodone,Opioids
Hydrocodone,Opioids
Codeine,Opioids
Fentanyl,Opioids
Hydromorphone,Opioids
Methadone,Opioids
Buprenorphine,Opioids
Tramadol,Opioids
Oxymorphone,Opioids
Tapentadol,Opioids
Meperidine,Opioids
Alfentanil,Opioids
Sufentanil,Opioids
Remifentanil,Opioids
Opioids_016,Opioids
Opioids_017,Opioids
Opioids_018,Opioids
Opioids_019,Opioids
Opioids_020,Opioids
Opioids_021,Opioids
Opioids_022,Opioids
Opioids_023,Opioids
Opioids_024,Opioids
Opioids_025,Opioids
Opioids_026,Opioids
Opioids_027,Opioids
Opioids_028,Opioids
Opioids_029,Opioids
Opioids_030,Opioids
Opioids_031,Opioids
Opioids_032,Opioids
Opioids_033,Opioids
Opioids_034,Opioids
Opioids_035,Opioids
Opioids_036,Opioids
Opioids_037,Opioids
Opioids_038,Opioids
Opioids_039,Opioids
Opioids_040,Opioids
Opioids_041,Opioids
Opioids_042,Opioids
Opioids_043,Opioids
Opioids_044,Opioids
Opioids_045,Opioids
Opioids_046,Opioids
Opioids_047,Opioids
Opioids_048,Opioids
Opioids_049,Opioids
Opioids_050,Opioids
Opioids_051,Opioids
Opioids_052,Opioids
Opioids_053,Opioids
Opioids_054,Opioids
Opioids_055,Opioids
Opioids_056,Opioids
Opioids_057,Opioids
Opioids_058,Opioids
Opioids_059,Opioids
Opioids_060,Opioids
Opioids_061,Opioids
Opioids_062,Opioids
Opioids_063,Opioids
Opioids_064,Opioids
Opioids_065,Opioids
Opioids_066,Opioids
Opioids_067,Opioids
Opioids_068,Opioids
Opioids_069,Opioids
Opioids_070,Opioids
Opioids_071,Opioids
Opioids_072,Opioids
Opioids_073,Opioids
Opioids_074,Opioids
Opioids_075,Opioids
Opioids_076,Opioids
Opioids_077,Opioids
Opioids_078,Opioids
Opioids_079,Opioids
Opioids_080,Opioids
Opioids_081,Opioids
Opioids_082,Opioids
Opioids_083,Opioids
Opioids_084,Opioids
Opioids_085,Opioids
Opioids_086,Opioids
Opioids_087,Opioids
Opioids_088,Opioids
Opioids_089,Opioids
Opioids_090,Opioids
Opioids_091,Opioids
Opioids_092,Opioids
Opioids_093,Opioids
Opioids_094,Opioids
Opioids_095,Opioids
Opioids_096,Opioids
Opioids_097,Opioids
Opioids_098,Opioids
Opioids_099,Opioids
Opioids_100,Opioids
Ibuprofen,NSAIDs
Naproxen,NSAIDs
Celecoxib,NSAIDs
Meloxicam,NSAIDs
Indomethacin,NSAIDs
Ketorolac,NSAIDs
Diclofenac,NSAIDs
Piroxicam,NSAIDs
Sulindac,NSAIDs
Etodolac,NSAIDs
Flurbiprofen,NSAIDs
Mefenamic Acid,NSAIDs
Oxaprozin,NSAIDs
Diflunisal,NSAIDs
Fenoprofen,NSAIDs
NSAIDs_016,NSAIDs
NSAIDs_017,NSAIDs
NSAIDs_018,NSAIDs
NSAIDs_019,NSAIDs
NSAIDs_020,NSAIDs
NSAIDs_021,NSAIDs
NSAIDs_022,NSAIDs
NSAIDs_023,NSAIDs
NSAIDs_024,NSAIDs
NSAIDs_025,NSAIDs
NSAIDs_026,NSAIDs
NSAIDs_027,NSAIDs
NSAIDs_028,NSAIDs
NSAIDs_029,NSAIDs
NSAIDs_030,NSAIDs
NSAIDs_031,NSAIDs
NSAIDs_032,NSAIDs
NSAIDs_033,NSAIDs
NSAIDs_034,NSAIDs
NSAIDs_035,NSAIDs
NSAIDs_036,NSAIDs
NSAIDs_037,NSAIDs
NSAIDs_038,NSAIDs
NSAIDs_039,NSAIDs
NSAIDs_040,NSAIDs
NSAIDs_041,NSAIDs
NSAIDs_042,NSAIDs
NSAIDs_043,NSAIDs
NSAIDs_044,NSAIDs
NSAIDs_045,NSAIDs
NSAIDs_046,NSAIDs
NSAIDs_047,NSAIDs
NSAIDs_048,NSAIDs
NSAIDs_049,NSAIDs
NSAIDs_050,NSAIDs
NSAIDs_051,NSAIDs
NSAIDs_052,NSAIDs
NSAIDs_053,NSAIDs
NSAIDs_054,NSAIDs
NSAIDs_055,NSAIDs
NSAIDs_056,NSAIDs
NSAIDs_057,NSAIDs
NSAIDs_058,NSAIDs
NSAIDs_059,NSAIDs
NSAIDs_060,NSAIDs
NSAIDs_061,NSAIDs
NSAIDs_062,NSAIDs
NSAIDs_063,NSAIDs
NSAIDs_064,NSAIDs
NSAIDs_065,NSAIDs
NSAIDs_066,NSAIDs
NSAIDs_067,NSAIDs
NSAIDs_068,NSAIDs
NSAIDs_069,NSAIDs
NSAIDs_070,NSAIDs
NSAIDs_071,NSAIDs
NSAIDs_072,NSAIDs
NSAIDs_073,NSAIDs
NSAIDs_074,NSAIDs
NSAIDs_075,NSAIDs
NSAIDs_076,NSAIDs
NSAIDs_077,NSAIDs
NSAIDs_078,NSAIDs
NSAIDs_079,NSAIDs
NSAIDs_080,NSAIDs
NSAIDs_081,NSAIDs
NSAIDs_082,NSAIDs
NSAIDs_083,NSAIDs
NSAIDs_084,NSAIDs
NSAIDs_085,NSAIDs
NSAIDs_086,NSAIDs
NSAIDs_087,NSAIDs
NSAIDs_088,NSAIDs
NSAIDs_089,NSAIDs
NSAIDs_090,NSAIDs
NSAIDs_091,NSAIDs
NSAIDs_092,NSAIDs
NSAIDs_093,NSAIDs
NSAIDs_094,NSAIDs
NSAIDs_095,NSAIDs
NSAIDs_096,NSAIDs
NSAIDs_097,NSAIDs
NSAIDs_098,NSAIDs
NSAIDs_099,NSAIDs
NSAIDs_100,NSAIDs
Omeprazole,Proton Pump Inhibitors
Lansoprazole,Proton Pump Inhibitors
Pantoprazole,Proton Pump Inhibitors
Rabeprazole,Proton Pump Inhibitors
Esomeprazole,Proton Pump Inhibitors
Dexlansoprazole,Proton Pump Inhibitors
Ilaprazole,Proton Pump Inhibitors
Vonoprazan,Proton Pump Inhibitors
Tenatoprazole,Proton Pump Inhibitors
Timoprazole,Proton Pump Inhibitors
Proton_011,Proton Pump Inhibitors
Proton_012,Proton Pump Inhibitors
Proton_013,Proton Pump Inhibitors
Proton_014,Proton Pump Inhibitors
Proton_015,Proton Pump Inhibitors
Proton_016,Proton Pump Inhibitors
Proton_017,Proton Pump Inhibitors
Proton_018,Proton Pump Inhibitors
Proton_019,Proton Pump Inhibitors
Proton_020,Proton Pump Inhibitors
Proton_021,Proton Pump Inhibitors
Proton_022,Proton Pump Inhibitors
Proton_023,Proton Pump Inhibitors
Proton_024,Proton Pump Inhibitors
Proton_025,Proton Pump Inhibitors
Proton_026,Proton Pump Inhibitors
Proton_027,Proton Pump Inhibitors
Proton_028,Proton Pump Inhibitors
Proton_029,Proton Pump Inhibitors
Proton_030,Proton Pump Inhibitors
Proton_031,Proton Pump Inhibitors
Proton_032,Proton Pump Inhibitors
Proton_033,Proton Pump Inhibitors
Proton_034,Proton Pump Inhibitors
Proton_035,Proton Pump Inhibitors
Proton_036,Proton Pump Inhibitors
Proton_037,Proton Pump Inhibitors
Proton_038,Proton Pump Inhibitors
Proton_039,Proton Pump Inhibitors
Proton_040,Proton Pump Inhibitors
Proton_041,Proton Pump Inhibitors
Proton_042,Proton Pump Inhibitors
Proton_043,Proton Pump Inhibitors
Proton_044,Proton Pump Inhibitors
Proton_045,Proton Pump Inhibitors
Proton_046,Proton Pump Inhibitors
Proton_047,Proton Pump Inhibitors
Proton_048,Proton Pump Inhibitors
Proton_049,Proton Pump Inhibitors
Proton_050,Proton Pump Inhibitors
Proton_051,Proton Pump Inhibitors
Proton_052,Proton Pump Inhibitors
Proton_053,Proton Pump Inhibitors
Proton_054,Proton Pump Inhibitors
Proton_055,Proton Pump Inhibitors
Proton_056,Proton Pump Inhibitors
Proton_057,Proton Pump Inhibitors
Proton_058,Proton Pump Inhibitors
Proton_059,Proton Pump Inhibitors
Proton_060,Proton Pump Inhibitors
Proton_061,Proton Pump Inhibitors
Proton_062,Proton Pump Inhibitors
Proton_063,Proton Pump Inhibitors
Proton_064,Proton Pump Inhibitors
Proton_065,Proton Pump Inhibitors
Proton_066,Proton Pump Inhibitors
Proton_067,Proton Pump Inhibitors
Proton_068,Proton Pump Inhibitors
Proton_069,Proton Pump Inhibitors
Proton_070,Proton Pump Inhibitors
Proton_071,Proton Pump Inhibitors
Proton_072,Proton Pump Inhibitors
Proton_073,Proton Pump Inhibitors
Proton_074,Proton Pump Inhibitors
Proton_075,Proton Pump Inhibitors
Proton_076,Proton Pump Inhibitors
Proton_077,Proton Pump Inhibitors
Proton_078,Proton Pump Inhibitors
Proton_079,Proton Pump Inhibitors
Proton_080,Proton Pump Inhibitors
Proton_081,Proton Pump Inhibitors
Proton_082,Proton Pump Inhibitors
Proton_083,Proton Pump Inhibitors
Proton_084,Proton Pump Inhibitors
Proton_085,Proton Pump Inhibitors
Proton_086,Proton Pump Inhibitors
Proton_087,Proton Pump Inhibitors
Proton_088,Proton Pump Inhibitors
Proton_089,Proton Pump Inhibitors
Proton_090,Proton Pump Inhibitors
Proton_091,Proton Pump Inhibitors
Proton_092,Proton Pump Inhibitors
Proton_093,Proton Pump Inhibitors
Proton_094,Proton Pump Inhibitors
Proton_095,Proton Pump Inhibitors
Proton_096,Proton Pump Inhibitors
Proton_097,Proton Pump Inhibitors
Proton_098,Proton Pump Inhibitors
Proton_099,Proton Pump Inhibitors
Proton_100,Proton Pump Inhibitors
Prednisone,Corticosteroids
Prednisolone,Corticosteroids
Dexamethasone,Corticosteroids
Methylprednisolone,Corticosteroids
Triamcinolone,Corticosteroids
Hydrocortisone,Corticosteroids
Budesonide,Corticosteroids
Beclomethasone,Corticosteroids
Fluticasone,Corticosteroids
Mometasone,Corticosteroids
Betamethasone,Corticosteroids
Fludrocortisone,Corticosteroids
Fluocinolone,Corticosteroids
Desoximetasone,Corticosteroids
Corticosteroids_015,Corticosteroids
Corticosteroids_016,Corticosteroids
Corticosteroids_017,Corticosteroids
Corticosteroids_018,Corticosteroids
Corticosteroids_019,Corticosteroids
Corticosteroids_020,Corticosteroids
Corticosteroids_021,Corticosteroids
Corticosteroids_022,Corticosteroids
Corticosteroids_023,Corticosteroids
Corticosteroids_024,Corticosteroids
Corticosteroids_025,Corticosteroids
Corticosteroids_026,Corticosteroids
Corticosteroids_027,Corticosteroids
Corticosteroids_028,Corticosteroids
Corticosteroids_029,Corticosteroids
Corticosteroids_030,Corticosteroids
Corticosteroids_031,Corticosteroids
Corticosteroids_032,Corticosteroids
Corticosteroids_033,Corticosteroids
Corticosteroids_034,Corticosteroids
Corticosteroids_035,Corticosteroids
Corticosteroids_036,Corticosteroids
Corticosteroids_037,Corticosteroids
Corticosteroids_038,Corticosteroids
Corticosteroids_039,Corticosteroids
Corticosteroids_040,Corticosteroids
Corticosteroids_041,Corticosteroids
Corticosteroids_042,Corticosteroids
Corticosteroids_043,Corticosteroids
Corticosteroids_044,Corticosteroids
Corticosteroids_045,Corticosteroids
Corticosteroids_046,Corticosteroids
Corticosteroids_047,Corticosteroids
Corticosteroids_048,Corticosteroids
Corticosteroids_049,Corticosteroids
Corticosteroids_050,Corticosteroids
Corticosteroids_051,Corticosteroids
Corticosteroids_052,Corticosteroids
Corticosteroids_053,Corticosteroids
Corticosteroids_054,Corticosteroids
Corticosteroids_055,Corticosteroids
Corticosteroids_056,Corticosteroids
Corticosteroids_057,Corticosteroids
Corticosteroids_058,Corticosteroids
Corticosteroids_059,Corticosteroids
Corticosteroids_060,Corticosteroids
Corticosteroids_061,Corticosteroids
Corticosteroids_062,Corticosteroids
Corticosteroids_063,Corticosteroids
Corticosteroids_064,Corticosteroids
Corticosteroids_065,Corticosteroids
Corticosteroids_066,Corticosteroids
Corticosteroids_067,Corticosteroids
Corticosteroids_068,Corticosteroids
Corticosteroids_069,Corticosteroids
Corticosteroids_070,Corticosteroids
Corticosteroids_071,Corticosteroids
Corticosteroids_072,Corticosteroids
Corticosteroids_073,Corticosteroids
Corticosteroids_074,Corticosteroids
Corticosteroids_075,Corticosteroids
Corticosteroids_076,Corticosteroids
Corticosteroids_077,Corticosteroids
Corticosteroids_078,Corticosteroids
Corticosteroids_079,Corticosteroids
Corticosteroids_080,Corticosteroids
Corticosteroids_081,Corticosteroids
Corticosteroids_082,Corticosteroids
Corticosteroids_083,Corticosteroids
Corticosteroids_084,Corticosteroids
Corticosteroids_085,Corticosteroids
Corticosteroids_086,Corticosteroids
Corticosteroids_087,Corticosteroids
Corticosteroids_088,Corticosteroids
Corticosteroids_089,Corticosteroids
Corticosteroids_090,Corticosteroids
Corticosteroids_091,Corticosteroids
Corticosteroids_092,Corticosteroids
Corticosteroids_093,Corticosteroids
Corticosteroids_094,Corticosteroids
Corticosteroids_095,Corticosteroids
Corticosteroids_096,Corticosteroids
Corticosteroids_097,Corticosteroids
Corticosteroids_098,Corticosteroids
Corticosteroids_099,Corticosteroids
Corticosteroids_100,Corticosteroids
Oseltamivir,Antivirals
Zanamivir,Antivirals
Acyclovir,Antivirals
Valacyclovir,Antivirals
Ganciclovir,Antivirals
Tenofovir,Antivirals
Emtricitabine,Antivirals
Efavirenz,Antivirals
Atazanavir,Antivirals
Ritonavir,Antivirals
Darunavir,Antivirals
Raltegravir,Antivirals
Baloxavir,Antivirals
Ribavirin,Antivirals
Sofosbuvir,Antivirals
Ledipasvir,Antivirals
Peramivir,Antivirals
Favipiravir,Antivirals
Remdesivir,Antivirals
Molnupiravir,Antivirals
Antivirals_021,Antivirals
Antivirals_022,Antivirals
Antivirals_023,Antivirals
Antivirals_024,Antivirals
Antivirals_025,Antivirals
Antivirals_026,Antivirals
Antivirals_027,Antivirals
Antivirals_028,Antivirals
Antivirals_029,Antivirals
Antivirals_030,Antivirals
Antivirals_031,Antivirals
Antivirals_032,Antivirals
Antivirals_033,Antivirals
Antivirals_034,Antivirals
Antivirals_035,Antivirals
Antivirals_036,Antivirals
Antivirals_037,Antivirals
Antivirals_038,Antivirals
Antivirals_039,Antivirals
Antivirals_040,Antivirals
Antivirals_041,Antivirals
Antivirals_042,Antivirals
Antivirals_043,Antivirals
Antivirals_044,Antivirals
Antivirals_045,Antivirals
Antivirals_046,Antivirals
Antivirals_047,Antivirals
Antivirals_048,Antivirals
Antivirals_049,Antivirals
Antivirals_050,Antivirals
Antivirals_051,Antivirals
Antivirals_052,Antivirals
Antivirals_053,Antivirals
Antivirals_054,Antivirals
Antivirals_055,Antivirals
Antivirals_056,Antivirals
Antivirals_057,Antivirals
Antivirals_058,Antivirals
Antivirals_059,Antivirals
Antivirals_060,Antivirals
Antivirals_061,Antivirals
Antivirals_062,Antivirals
Antivirals_063,Antivirals
Antivirals_064,Antivirals
Antivirals_065,Antivirals
Antivirals_066,Antivirals
Antivirals_067,Antivirals
Antivirals_068,Antivirals
Antivirals_069,Antivirals
Antivirals_070,Antivirals
Antivirals_071,Antivirals
Antivirals_072,Antivirals
Antivirals_073,Antivirals
Antivirals_074,Antivirals
Antivirals_075,Antivirals
Antivirals_076,Antivirals
Antivirals_077,Antivirals
Antivirals_078,Antivirals
Antivirals_079,Antivirals
Antivirals_080,Antivirals
Antivirals_081,Antivirals
Antivirals_082,Antivirals
Antivirals_083,Antivirals
Antivirals_084,Antivirals
Antivirals_085,Antivirals
Antivirals_086,Antivirals
Antivirals_087,Antivirals
Antivirals_088,Antivirals
Antivirals_089,Antivirals
Antivirals_090,Antivirals
Antivirals_091,Antivirals
Antivirals_092,Antivirals
Antivirals_093,Antivirals
Antivirals_094,Antivirals
Antivirals_095,Antivirals
Antivirals_096,Antivirals
Antivirals_097,Antivirals
Antivirals_098,Antivirals
Antivirals_099,Antivirals
Antivirals_100,Antivirals
Cyclosporine,Immunosuppressants
Tacrolimus,Immunosuppressants
Mycophenolate,Immunosuppressants
Sirolimus,Immunosuppressants
Azathioprine,Immunosuppressants
Methotrexate,Immunosuppressants
Leflunomide,Immunosuppressants
Hydroxychloroquine,Immunosuppressants
Abatacept,Immunosuppressants
Belimumab,Immunosuppressants
Everolimus,Immunosuppressants
Basiliximab,Immunosuppressants
Daclizumab,Immunosuppressants
Natalizumab,Immunosuppressants
Alemtuzumab,Immunosuppressants
Immunosuppressants_016,Immunosuppressants
Immunosuppressants_017,Immunosuppressants
Immunosuppressants_018,Immunosuppressants
Immunosuppressants_019,Immunosuppressants
Immunosuppressants_020,Immunosuppressants
Immunosuppressants_021,Immunosuppressants
Immunosuppressants_022,Immunosuppressants
Immunosuppressants_023,Immunosuppressants
Immunosuppressants_024,Immunosuppressants
Immunosuppressants_025,Immunosuppressants
Immunosuppressants_026,Immunosuppressants
Immunosuppressants_027,Immunosuppressants
Immunosuppressants_028,Immunosuppressants
Immunosuppressants_029,Immunosuppressants
Immunosuppressants_030,Immunosuppressants
Immunosuppressants_031,Immunosuppressants
Immunosuppressants_032,Immunosuppressants
Immunosuppressants_033,Immunosuppressants
Immunosuppressants_034,Immunosuppressants
Immunosuppressants_035,Immunosuppressants
Immunosuppressants_036,Immunosuppressants
Immunosuppressants_037,Immunosuppressants
Immunosuppressants_038,Immunosuppressants
Immunosuppressants_039,Immunosuppressants
Immunosuppressants_040,Immunosuppressants
Immunosuppressants_041,Immunosuppressants
Immunosuppressants_042,Immunosuppressants
Immunosuppressants_043,Immunosuppressants
Immunosuppressants_044,Immunosuppressants
Immunosuppressants_045,Immunosuppressants
Immunosuppressants_046,Immunosuppressants
Immunosuppressants_047,Immunosuppressants
Immunosuppressants_048,Immunosuppressants
Immunosuppressants_049,Immunosuppressants
Immunosuppressants_050,Immunosuppressants
Immunosuppressants_051,Immunosuppressants
Immunosuppressants_052,Immunosuppressants
Immunosuppressants_053,Immunosuppressants
Immunosuppressants_054,Immunosuppressants
Immunosuppressants_055,Immunosuppressants
Immunosuppressants_056,Immunosuppressants
Immunosuppressants_057,Immunosuppressants
Immunosuppressants_058,Immunosuppressants
Immunosuppressants_059,Immunosuppressants
Immunosuppressants_060,Immunosuppressants
Immunosuppressants_061,Immunosuppressants
Immunosuppressants_062,Immunosuppressants
Immunosuppressants_063,Immunosuppressants
Immunosuppressants_064,Immunosuppressants
Immunosuppressants_065,Immunosuppressants
Immunosuppressants_066,Immunosuppressants
Immunosuppressants_067,Immunosuppressants
Immunosuppressants_068,Immunosuppressants
Immunosuppressants_069,Immunosuppressants
Immunosuppressants_070,Immunosuppressants
Immunosuppressants_071,Immunosuppressants
Immunosuppressants_072,Immunosuppressants
Immunosuppressants_073,Immunosuppressants
Immunosuppressants_074,Immunosuppressants
Immunosuppressants_075,Immunosuppressants
Immunosuppressants_076,Immunosuppressants
Immunosuppressants_077,Immunosuppressants
Immunosuppressants_078,Immunosuppressants
Immunosuppressants_079,Immunosuppressants
Immunosuppressants_080,Immunosuppressants
Immunosuppressants_081,Immunosuppressants
Immunosuppressants_082,Immunosuppressants
Immunosuppressants_083,Immunosuppressants
Immunosuppressants_084,Immunosuppressants
Immunosuppressants_085,Immunosuppressants
Immunosuppressants_086,Immunosuppressants
Immunosuppressants_087,Immunosuppressants
Immunosuppressants_088,Immunosuppressants
Immunosuppressants_089,Immunosuppressants
Immunosuppressants_090,Immunosuppressants
Immunosuppressants_091,Immunosuppressants
Immunosuppressants_092,Immunosuppressants
Immunosuppressants_093,Immunosuppressants
Immunosuppressants_094,Immunosuppressants
Immunosuppressants_095,Immunosuppressants
Immunosuppressants_096,Immunosuppressants
Immunosuppressants_097,Immunosuppressants
Immunosuppressants_098,Immunosuppressants
Immunosuppressants_099,Immunosuppressants
Immunosuppressants_100,Immunosuppressants
